{"p": 0.6919353549520444, "r": 0.5692177470038399, "f1": 0.6246059787781141, "th": 0.5}