{"p": 0.7413032805276569, "r": 0.36867384687340604, "f1": 0.49244101591880285}