{"p": 0.6877765626607922, "r": 0.5730031351151056, "f1": 0.6251657246044509, "th": 0.5}