{"p": 0.7554330130287379, "r": 0.3605761351730081, "f1": 0.48815212072215314}