{"p": 0.6955707011887685, "r": 0.569327457868485, "f1": 0.626149221959104, "th": 0.5}