{"p": 0.5592646657656851, "r": 0.48784459213500536, "f1": 0.5211189581361848}