{"precision": 0.7422495810153765, "recall": 0.41281396985484353, "f1": 0.5305526192584002}