{"precision": 0.820855614973262, "recall": 0.6463157894736842, "f1": 0.7232037691401649}