{"precision": 0.8353096179183136, "recall": 0.6673684210526316, "f1": 0.7419543592744295}