{"precision": 0.8337730870712401, "recall": 0.6652631578947369, "f1": 0.7400468384074941}