{"precision": 0.8333333333333334, "recall": 0.6631578947368421, "f1": 0.7385697538100819}