{"precision": 0.8364116094986808, "recall": 0.6673684210526316, "f1": 0.7423887587822015}
