{"precision": 0.8350923482849604, "recall": 0.6663157894736842, "f1": 0.7412177985948478}