{"precision": 0.8366533864541833, "recall": 0.6631578947368421, "f1": 0.739870816206694}