{"precision": 0.7442977190876351, "recall": 0.6526315789473685, "f1": 0.6954570947840719}